tahun,total_pendapatan
2020,349390357511.01233
2021,347344091958.96143
2022,348859653754.67267
2023,347647669658.21149
