product_category,total_penjualan
R06,281374318531.49011
M01AE,248154451932.56982
N05C,214586446127.03003
N02BE/B,166188111093.88022
M01AB,152852399263.89014
